-- MySQL dump 10.13  Distrib 8.0.38, for Win64 (x86_64)
--
-- Host: localhost    Database: chatbot_db
-- ------------------------------------------------------
-- Server version	8.0.39

/*!40101 SET @OLD_CHARACTER_SET_CLIENT=@@CHARACTER_SET_CLIENT */;
/*!40101 SET @OLD_CHARACTER_SET_RESULTS=@@CHARACTER_SET_RESULTS */;
/*!40101 SET @OLD_COLLATION_CONNECTION=@@COLLATION_CONNECTION */;
/*!50503 SET NAMES utf8 */;
/*!40103 SET @OLD_TIME_ZONE=@@TIME_ZONE */;
/*!40103 SET TIME_ZONE='+00:00' */;
/*!40014 SET @OLD_UNIQUE_CHECKS=@@UNIQUE_CHECKS, UNIQUE_CHECKS=0 */;
/*!40014 SET @OLD_FOREIGN_KEY_CHECKS=@@FOREIGN_KEY_CHECKS, FOREIGN_KEY_CHECKS=0 */;
/*!40101 SET @OLD_SQL_MODE=@@SQL_MODE, SQL_MODE='NO_AUTO_VALUE_ON_ZERO' */;
/*!40111 SET @OLD_SQL_NOTES=@@SQL_NOTES, SQL_NOTES=0 */;

--
-- Table structure for table `applications`
--

DROP TABLE IF EXISTS `applications`;
/*!40101 SET @saved_cs_client     = @@character_set_client */;
/*!50503 SET character_set_client = utf8mb4 */;
CREATE TABLE `applications` (
  `ApplicationID` int NOT NULL AUTO_INCREMENT,
  `JobID` int DEFAULT NULL,
  `InternshipID` int DEFAULT NULL,
  `AppliedAt` timestamp NULL DEFAULT CURRENT_TIMESTAMP,
  `Status` enum('pending','reviewed','shortlisted','rejected','accepted') DEFAULT 'pending',
  PRIMARY KEY (`ApplicationID`),
  KEY `JobID` (`JobID`),
  KEY `InternshipID` (`InternshipID`),
  CONSTRAINT `applications_ibfk_1` FOREIGN KEY (`JobID`) REFERENCES `jobs` (`JobID`),
  CONSTRAINT `applications_ibfk_2` FOREIGN KEY (`InternshipID`) REFERENCES `internships` (`InternshipID`)
) ENGINE=InnoDB AUTO_INCREMENT=4010 DEFAULT CHARSET=utf8mb4 COLLATE=utf8mb4_0900_ai_ci;
/*!40101 SET character_set_client = @saved_cs_client */;

--
-- Dumping data for table `applications`
--

LOCK TABLES `applications` WRITE;
/*!40000 ALTER TABLE `applications` DISABLE KEYS */;
INSERT INTO `applications` VALUES (4000,1,NULL,'2025-04-22 14:00:26','pending'),(4001,2,NULL,'2025-04-22 14:00:26','reviewed'),(4002,NULL,3,'2025-04-22 14:00:26','accepted'),(4003,4,NULL,'2025-04-22 14:00:26','rejected'),(4004,NULL,5,'2025-04-22 14:00:26','pending'),(4005,6,NULL,'2025-04-22 14:00:26','pending'),(4006,NULL,6,'2025-04-22 14:00:26','shortlisted'),(4007,7,NULL,'2025-04-22 14:00:26','reviewed'),(4008,NULL,9,'2025-04-22 14:00:26','pending'),(4009,10,NULL,'2025-04-22 14:00:26','accepted');
/*!40000 ALTER TABLE `applications` ENABLE KEYS */;
UNLOCK TABLES;

--
-- Table structure for table `chat_log`
--

DROP TABLE IF EXISTS `chat_log`;
/*!40101 SET @saved_cs_client     = @@character_set_client */;
/*!50503 SET character_set_client = utf8mb4 */;
CREATE TABLE `chat_log` (
  `ChatID` int NOT NULL AUTO_INCREMENT,
  `UserID` int DEFAULT NULL,
  `Message` text,
  `Response` text,
  `Sender` enum('user','bot') DEFAULT NULL,
  `Timestamp` timestamp NULL DEFAULT CURRENT_TIMESTAMP,
  PRIMARY KEY (`ChatID`),
  KEY `UserID` (`UserID`),
  CONSTRAINT `chat_log_ibfk_1` FOREIGN KEY (`UserID`) REFERENCES `users` (`UserID`)
) ENGINE=InnoDB AUTO_INCREMENT=315 DEFAULT CHARSET=utf8mb4 COLLATE=utf8mb4_0900_ai_ci;
/*!40101 SET character_set_client = @saved_cs_client */;

--
-- Dumping data for table `chat_log`
--

LOCK TABLES `chat_log` WRITE;
/*!40000 ALTER TABLE `chat_log` DISABLE KEYS */;
INSERT INTO `chat_log` VALUES (1,1,'Can you help me find internships in data science?','Sure, here are some data science internships available.','user','2025-04-22 14:00:26'),(2,2,'How do I post a new job opening?','You can post a job by navigating to the employer dashboard.','user','2025-04-22 14:00:26'),(3,3,'Looking for courses on machine learning.','Here are some top-rated machine learning courses.','user','2025-04-22 14:00:26'),(4,4,'Need assistance with account settings.','Please go to your profile settings to make changes.','user','2025-04-22 14:00:26'),(5,5,'Interested in cybersecurity certifications.','Here are some recognized cybersecurity certification courses.','user','2025-04-22 14:00:26'),(6,6,'What are trending job profiles for data analytics?','Top jobs include Data Analyst, BI Developer, and Data Engineer.','user','2025-04-22 14:00:26'),(7,7,'How do I update the job listing deadline?','Go to the posted job and click on “Edit”.','user','2025-04-22 14:00:26'),(8,8,'I need advanced Python course suggestions.','Try “Python for Data Science” or “Advanced Python Concepts” on Coursera.','user','2025-04-22 14:00:26'),(9,9,'How can I get resume feedback?','Upload your resume and use our Resume Parser tool.','user','2025-04-22 14:00:26'),(10,10,'Is there a free course for cloud basics?','Yes, AWS offers “Cloud Practitioner Essentials” for beginners.','user','2025-04-22 14:00:26'),(11,NULL,'hello','Greetings! How can I assist?','bot','2025-04-22 14:46:00'),(12,NULL,'i want to apply for job','What job title are you applying for?','bot','2025-04-22 14:46:11'),(13,NULL,'hello','Greetings! How can I assist?','user','2025-04-22 14:48:00'),(14,NULL,'i want to apply for job','What job title are you applying for?','user','2025-04-22 14:48:19'),(15,NULL,'Hi','Hello! How can I help you?','user','2025-04-22 18:34:58'),(16,NULL,'How can I apply for a job?','What job title are you applying for?','user','2025-04-22 18:35:12'),(17,NULL,'Frontend Developer','In which location are you applying?','user','2025-04-22 18:35:47'),(18,NULL,'Mumbai','Can I have your email to proceed?','user','2025-04-22 18:36:02'),(19,NULL,'mahajan688@gmail.com','Thanks! I\'ve noted your interest in the {job_title} role. We\'ll contact you at {user_email} shortly. Good luck!','user','2025-04-22 18:36:18'),(20,NULL,'How can I apply for a job?','What job title are you applying for?','user','2025-04-22 18:37:13'),(21,NULL,'Frontend Developer','In which location are you applying?','user','2025-04-22 18:37:22'),(22,NULL,'Mumbai','Can I have your email to proceed?','user','2025-04-22 18:37:30'),(23,NULL,'mahajan688@gmail.com','Thanks! I\'ve noted your interest in the Frontend Developer role. We\'ll contact you at mahajan688@gmail.com shortly. Good luck!','user','2025-04-22 18:37:39'),(24,NULL,'Book a call for job guidance','Enter your email id -','user','2025-04-22 18:38:08'),(25,NULL,'mahajan6@gmail.com','Enter your Phone no -','user','2025-04-22 18:38:20'),(26,NULL,'0987654321','Enter your name','user','2025-04-22 18:38:28'),(27,NULL,'Kunal Mahajan','Thank you for sharing details, we will arrange a session soon.','user','2025-04-22 18:38:35'),(28,NULL,'I want to join the course','Enter Course topic or name which do you want to  enroll','user','2025-04-22 18:38:58'),(29,NULL,'Data Science Bootcamp','Enter your email id','user','2025-04-22 18:39:20'),(30,NULL,'mahajan8@gmail.com','Thanks, you’ve been successfully enrolled. We’ve sent a confirmation to mahajan8@gmail.com. Looking forward to seeing you!','user','2025-04-22 18:39:28'),(31,NULL,'I want to talk with support','What is the support_type?','user','2025-04-22 18:40:46'),(32,NULL,'I\'m facing a technical issue','Thanks for reaching out. I’ll connect you to our support team for technical issues. Please hold on...','user','2025-04-22 18:41:16'),(33,NULL,'Can you recommend a course?','What skill do you want to learn?','user','2025-04-22 18:46:43'),(34,NULL,'Python programming,Machine Learning','Which field or course topic are you interested in','user','2025-04-22 18:47:25'),(35,NULL,'Data Science','What is the course_topic?','user','2025-04-22 18:47:35'),(36,NULL,'Data Science','What is the course_topic?','user','2025-04-22 18:47:54'),(37,NULL,'Can you recommend a course?','What skill do you want to learn?','user','2025-04-22 18:48:50'),(38,NULL,'Python programming,Machine Learning','Which field or course topic are you interested in','user','2025-04-22 18:49:04'),(39,NULL,'Data Science','Based on your interest in Data Science Bootcamp, I recommend exploring these courses.','user','2025-04-22 18:49:15'),(40,NULL,'Can you recommend a job for me?','Which skill do you want to focus on?','user','2025-04-22 19:09:41'),(41,NULL,'python, machine learning','How much experience do you have?','user','2025-04-22 19:09:57'),(42,NULL,'1','Any preferred job location?','user','2025-04-22 19:10:00'),(43,NULL,'Pune','What kind of job are you looking for?','user','2025-04-22 19:10:08'),(44,NULL,'Data scientist','Thanks! Based on your interest in Data scientist and skills in Data Science, I recommend checking out roles like “Data scientist”. Would you like to see some job listings?','user','2025-04-22 19:10:35'),(45,NULL,'yes','Sorry, can you say that again?','user','2025-04-22 19:10:53'),(46,NULL,'Find jobs that match my experience','Which skill do you want to focus on?','user','2025-04-22 19:16:15'),(47,NULL,'Python Programming, Machine learning','How much experience do you have?','user','2025-04-22 19:16:28'),(48,NULL,'2','Any preferred job location?','user','2025-04-22 19:16:33'),(49,NULL,'Bangalore','What kind of job are you looking for?','user','2025-04-22 19:16:49'),(50,NULL,'Data Scientist','What is the course_topic?','user','2025-04-22 19:17:00'),(51,NULL,'Data Scientist','What is the course_topic?','user','2025-04-22 19:17:37'),(52,NULL,'Find jobs that match my experience','Which skill do you want to focus on?','user','2025-04-22 19:18:15'),(53,NULL,'Python Programming, Machine learning','How much experience do you have?','user','2025-04-22 19:18:25'),(54,NULL,'2','Any preferred job location?','user','2025-04-22 19:19:03'),(55,NULL,'Bangalore','What kind of job are you looking for?','user','2025-04-22 19:19:25'),(56,NULL,'Data Scientist','What is the course_topic?','user','2025-04-22 19:19:35'),(57,NULL,'Can you recommend a job for me?','Which skill do you want to focus on?','user','2025-04-22 19:20:25'),(58,NULL,'Python Programming, Machine learning','How much experience do you have?','user','2025-04-22 19:20:36'),(59,NULL,'2','Any preferred job location?','user','2025-04-22 19:20:38'),(60,NULL,'Bangalore','What kind of job are you looking for?','user','2025-04-22 19:20:47'),(61,NULL,'Data Scientist','What is the course_topic?','user','2025-04-22 19:20:55'),(62,NULL,'Can you recommend a job for me','Which skill do you want to focus on?','user','2025-04-22 19:22:26'),(63,NULL,'Python Programming, Machine learning','How much experience do you have?','user','2025-04-22 19:22:38'),(64,NULL,'2','Any preferred job location?','user','2025-04-22 19:22:41'),(65,NULL,'Bangalore','What kind of job are you looking for?','user','2025-04-22 19:22:51'),(66,NULL,'Data Scientist','What is the course_topic?','user','2025-04-22 19:23:01'),(67,NULL,'Can you recommend a job for me','Which skill do you want to focus on?','user','2025-04-22 19:23:23'),(68,NULL,'Python Programming, Machine learning','How much experience do you have?','user','2025-04-22 19:23:32'),(69,NULL,'2','Any preferred job location?','user','2025-04-22 19:23:35'),(70,NULL,'Bangalore','What kind of job are you looking for?','user','2025-04-22 19:23:43'),(71,NULL,'Data Scientist','What is the course_topic?','user','2025-04-22 19:23:52'),(72,NULL,'Can you recommend a job for me','Which skill do you want to focus on?','user','2025-04-22 19:25:02'),(73,NULL,'Python Programming, Machine learning','How much experience do you have?','user','2025-04-22 19:25:10'),(74,NULL,'2','Any preferred job location?','user','2025-04-22 19:25:15'),(75,NULL,'Bangalore','What kind of job are you looking for?','user','2025-04-22 19:25:22'),(76,NULL,'Data Scientist','What is the course_topic?','user','2025-04-22 19:25:30'),(77,NULL,'Can you recommend a job for me','Which skill do you want to focus on?','user','2025-04-22 19:26:17'),(78,NULL,'Python Programming, Machine learning','How much experience do you have?','user','2025-04-22 19:26:31'),(79,NULL,'2','Any preferred job location?','user','2025-04-22 19:26:39'),(80,NULL,'Bangalore','What kind of job are you looking for?','user','2025-04-22 19:26:46'),(81,NULL,'Data Scientist','What is the course_topic?','user','2025-04-22 19:26:56'),(82,NULL,'Can you recommend a job for me','Which skill do you want to focus on?','user','2025-04-22 19:27:20'),(83,NULL,'Python Programming, Machine learning','How much experience do you have?','user','2025-04-22 19:27:27'),(84,NULL,'2','Any preferred job location?','user','2025-04-22 19:27:30'),(85,NULL,'Bangalore','','user','2025-04-22 19:27:40'),(86,NULL,'Can you recommend a job for me','Which skill do you want to focus on?','user','2025-04-22 19:28:44'),(87,NULL,'Python Programming, Machine learning','How much experience do you have?','user','2025-04-22 19:28:49'),(88,NULL,'2-4','Any preferred job location?','user','2025-04-22 19:29:20'),(89,NULL,'Bangalore','What kind of job are you looking for?','user','2025-04-22 19:29:35'),(90,NULL,'Data Scientist','What is the course_topic?','user','2025-04-22 19:29:47'),(91,NULL,'Can you recommend a job for me','How much experience do you have?','user','2025-04-22 19:32:50'),(92,NULL,'2-4','How much experience do you have?','user','2025-04-22 19:32:54'),(93,NULL,'2-4','How much experience do you have?','user','2025-04-22 19:33:03'),(94,NULL,'Can you recommend a job for me','How much experience do you have?','user','2025-04-22 19:33:25'),(95,NULL,'2','Any preferred job location?','user','2025-04-22 19:33:29'),(96,NULL,'Bangalore','Which skill do you want to focus on?','user','2025-04-22 19:33:40'),(97,NULL,'Python Programming, Machine learning','What kind of job are you looking for?','user','2025-04-22 19:33:54'),(98,NULL,'Data Scientist','What is the course_topic?','user','2025-04-22 19:34:06'),(99,NULL,'Provide some details of the courses','Which course would you like details about?','user','2025-04-22 19:49:50'),(100,NULL,'Data Science Bootcamp','What specific detail are you looking for (duration, SkillsCovered, etc.)?','user','2025-04-22 19:50:28'),(101,NULL,'12','What specific detail are you looking for (duration, SkillsCovered, etc.)?','user','2025-04-22 19:51:02'),(102,NULL,'Provide some details of the courses','Do you have any experience','user','2025-04-22 20:02:31'),(103,NULL,'Provide some details of the courses','provide some skills covered in course','user','2025-04-22 20:07:28'),(104,NULL,'Give some details of the courses','Provide some skills covered in course','user','2025-04-22 20:09:15'),(105,NULL,'Python, Pandas, Scikit-learn, SQL','are you relatable or have any experience in above skills','user','2025-04-22 20:09:37'),(106,NULL,'some experience','Here are the details for the Data Science Bootcamp course. It includes a comprehensive syllabus and is available online. Yes, you’ll receive a certification upon completion!','user','2025-04-22 20:10:11'),(107,NULL,'Give some details of the courses','Which course would you like details about?','user','2025-04-22 20:20:52'),(108,NULL,'Data Science Bootcamp','Provide some skills covered in course','user','2025-04-22 20:21:36'),(109,NULL,'Give some details of the courses','Provide some skills covered in course','user','2025-04-22 20:22:54'),(110,NULL,'Give some details of the courses','Provide some skills covered in course','user','2025-04-22 20:23:32'),(111,NULL,'Give some details of the courses','Provide some skills covered in course','user','2025-04-22 20:24:22'),(112,NULL,'Give some details of the courses','Provide some skills covered in course','user','2025-04-22 20:26:10'),(113,NULL,'Python, Pandas, Scikit-learn, SQL','Here are the details for the Data Science Bootcamp course. It includes $Course_Description and is available online. Yes, you’ll receive a certification upon completion!','user','2025-04-22 20:26:30'),(114,NULL,'Give some details of the courses','Which course would you like details about?','user','2025-04-22 20:27:53'),(115,NULL,'Data Science Bootcamp','Provide some skills covered in course','user','2025-04-22 20:28:10'),(116,NULL,'Python, Pandas, Scikit-learn, SQL','','user','2025-04-22 20:28:24'),(117,NULL,'Give some details of the courses','Which course would you like details about?','user','2025-04-22 20:29:19'),(118,NULL,'Data Science Bootcamp','Provide some skills covered in course','user','2025-04-22 20:29:31'),(119,NULL,'Python, Pandas, Scikit-learn, SQL','','user','2025-04-22 20:29:44'),(120,NULL,'hello','Good day! What can I do for you today?','user','2025-04-23 04:05:19'),(121,NULL,'What is the status of my job application?','\"May I know your full name?\"','user','2025-04-23 04:19:55'),(122,NULL,'Kunal Mahajan','What’s your email used for application?','user','2025-04-23 04:20:36'),(123,NULL,'mahajan688@gmail.com','Please provide your job application ID','user','2025-04-23 04:20:49'),(124,NULL,'4001','Please provide your job application ID','user','2025-04-23 04:21:15'),(125,NULL,'4000','Please provide your job application ID','user','2025-04-23 04:23:03'),(126,NULL,'What is the status of my job application','Please provide your job application ID','user','2025-04-23 04:23:56'),(127,NULL,'4000','Please provide your job application ID','user','2025-04-23 04:24:02'),(128,NULL,'What is the status of my job application','Please provide your job application ID','user','2025-04-23 04:24:21'),(129,NULL,'4000','Please provide your job application ID','user','2025-04-23 04:24:25'),(130,NULL,'What is the status of my job application','Please provide your job application ID','user','2025-04-23 04:24:35'),(131,NULL,'What is the status of my job application','Please provide your job application ID','user','2025-04-23 04:24:54'),(132,NULL,'Check my application status','What’s your application ID?','user','2025-04-23 04:36:02'),(133,NULL,'Check my application status','What’s your application ID?','user','2025-04-23 04:36:44'),(134,NULL,'Check my application status','Thanks 1! I’ve found your application (ID: $application_id). We’ll keep you updated via email at 2.','user','2025-04-23 04:37:21'),(135,NULL,'Check my application status','\"May I know your full name?\"','user','2025-04-23 04:37:55'),(136,NULL,'Kunal Mahajan','What’s your email?','user','2025-04-23 04:38:01'),(137,NULL,'mahajn688@gmail.com','What’s your application ID?','user','2025-04-23 04:38:11'),(138,NULL,'4001','What’s your application ID?','user','2025-04-23 04:38:18'),(139,NULL,'Check my application status','What’s your application ID?','user','2025-04-23 04:39:03'),(140,NULL,'Check my application status','What’s your application ID?','user','2025-04-23 04:39:15'),(141,NULL,'Check my application status','What’s your application ID?','user','2025-04-23 04:39:34'),(142,NULL,'Check my application status','What’s your application ID?','user','2025-04-23 04:40:49'),(143,NULL,'4000','What’s your application ID?','user','2025-04-23 04:40:54'),(144,NULL,'Check my application status','What’s your application ID?','user','2025-04-23 04:42:43'),(145,NULL,'4001','What’s your application ID?','user','2025-04-23 04:43:12'),(146,NULL,'I want to check my application status','Please provide your application ID','user','2025-04-23 04:48:16'),(147,NULL,'I want to check my application status','Please provide your application ID','user','2025-04-23 04:48:51'),(148,NULL,'hello','Greetings! How can I assist?','user','2025-04-23 05:16:49'),(149,NULL,'hello','Hello! How can I help you?','user','2025-04-23 05:24:24'),(150,NULL,'\"Can you tell me the status of my application?','May I know your full name?','user','2025-04-23 05:25:02'),(151,NULL,'Kunal Mahajan','What\'s your email address?','user','2025-04-23 05:25:10'),(152,NULL,'mahajn@gmail.com','What’s your application ID?','user','2025-04-23 05:25:18'),(153,NULL,'4001','What’s your application ID?','user','2025-04-23 05:25:24'),(154,NULL,'4002','Say that one more time?','user','2025-04-23 05:50:50'),(155,NULL,'4002','I missed that, say that again?','user','2025-04-23 05:50:58'),(156,NULL,'\"I want to check my job application status\"','May I know your full name?','user','2025-04-23 05:51:21'),(157,NULL,'Kunal','What\'s your email address?','user','2025-04-23 05:51:25'),(158,NULL,'maahj@gmail.com','What’s your application ID?','user','2025-04-23 05:51:32'),(159,NULL,'4002','What’s your application ID?','user','2025-04-23 05:51:36'),(160,NULL,'2000','What’s your application ID?','user','2025-04-23 05:51:40'),(161,NULL,'\"I want to check my job application status\"','What’s your application ID?','user','2025-04-23 05:52:12'),(162,NULL,'\"I want to check my job application status\"','What’s your application ID?','user','2025-04-23 05:52:28'),(163,NULL,'\"I want to check my job application status\"','What’s your application ID?','user','2025-04-23 05:52:44'),(164,NULL,'\"I want to check my job application status\"','What’s your application ID?','user','2025-04-23 05:54:25'),(165,NULL,'\"I want to check my job application status\"','What’s your application ID?','user','2025-04-23 05:54:48'),(166,NULL,'Check application status','What’s your application ID?','user','2025-04-23 05:55:02'),(167,NULL,'Can you recommend a course?','What skill do you want to learn?','user','2025-04-23 06:00:09'),(168,NULL,'Python Programming, Machine learning','Which field or course topic are you interested in','user','2025-04-23 06:00:31'),(169,NULL,'Data Science','Which field or course topic are you interested in','user','2025-04-23 06:00:38'),(170,NULL,'Data science Bootcamp','What’s your current experience level?','user','2025-04-23 06:00:46'),(171,NULL,'Intermediate','What’s your current experience level?','user','2025-04-23 06:01:10'),(172,NULL,'Some experience','Based on your interest in Data Science, Data science Bootcamp, and your experience level intermediate, I recommend starting with our curated course: “Data science Bootcamp”. Would you like to enroll?','user','2025-04-23 06:01:22'),(173,NULL,'Can you recommend a course?','What skill do you want to learn?','user','2025-04-23 06:02:52'),(174,NULL,'Python Programming, Machine lerning','Which field or course topic are you interested in','user','2025-04-23 06:03:05'),(175,NULL,'Data science','Which field or course topic are you interested in','user','2025-04-23 06:03:21'),(176,NULL,'Data science','Which field or course topic are you interested in','user','2025-04-23 06:03:31'),(177,NULL,'Data science bootcamp','What’s your current experience level?','user','2025-04-23 06:03:40'),(178,NULL,'beginer','What’s your current experience level?','user','2025-04-23 06:03:46'),(179,NULL,'no experience','Based on your interest in Data Science and your experience level beginner, I recommend starting with our curated course: “Data science bootcamp”. Would you like to enroll?','user','2025-04-23 06:03:56'),(180,NULL,'Can you recommend a course?','What skill do you want to learn?','user','2025-04-23 06:09:14'),(181,NULL,'Python, pandas','What skill do you want to learn?','user','2025-04-23 06:09:36'),(182,NULL,'Python programming, Machine learning','Which field or course topic are you interested in','user','2025-04-23 06:09:54'),(183,NULL,'Data Science','Which field or course topic are you interested in','user','2025-04-23 06:10:11'),(184,NULL,'Data Science bootcamp','Which field or course topic are you interested in','user','2025-04-23 06:10:33'),(185,NULL,'Data Science Bootcamp','Which field or course topic are you interested in','user','2025-04-23 06:10:48'),(186,NULL,'Can you recommend a course?','Which field or course topic are you interested in','user','2025-04-23 06:10:58'),(187,NULL,'Data science','Which field or course topic are you interested in','user','2025-04-23 06:11:05'),(188,NULL,'Suggest me a course','Which field are you interested in?','user','2025-04-23 06:20:08'),(189,NULL,'Data Science','Which field or course topic are you interested in','user','2025-04-23 06:20:21'),(190,NULL,'Data Science Bootcamp','','user','2025-04-23 06:20:30'),(191,NULL,'Suggest me a course','Which field are you interested in?','user','2025-04-23 06:21:01'),(192,NULL,'Data Science','What skill do you want to learn?','user','2025-04-23 06:21:08'),(193,NULL,'Python','What skill do you want to learn?','user','2025-04-23 06:21:14'),(194,NULL,'Python Programming','Which field or course topic are you interested in','user','2025-04-23 06:21:25'),(195,NULL,'Data Science','Which field or course topic are you interested in','user','2025-04-23 06:21:34'),(196,NULL,'Could you suggest a course?','Which field or course topic are you interested in','user','2025-04-23 06:26:17'),(197,NULL,'Data Science','Which field or course topic are you interested in','user','2025-04-23 06:26:25'),(198,NULL,'Can you recommend a course?','Which field or course topic are you interested in','user','2025-04-23 06:27:25'),(199,NULL,'Data Science','Which field or course topic are you interested in','user','2025-04-23 06:27:33'),(200,NULL,'Data Science','Which field or course topic are you interested in','user','2025-04-23 06:27:41'),(201,NULL,'Data Science Bootcamp','Based on your interest in Data Science and Data Science, I recommend starting with our curated course: “Data Science Bootcamp”. Would you like to enroll?','user','2025-04-23 06:27:49'),(202,NULL,'Can you recommend a course?','What skill do you want to learn?','user','2025-04-23 06:28:28'),(203,NULL,'Python','What skill do you want to learn?','user','2025-04-23 06:28:34'),(204,NULL,'Python Programming','Which field or course topic are you interested in','user','2025-04-23 06:28:44'),(205,NULL,'Data Science','Enter Course topic or name which do you want to  enroll','user','2025-04-23 06:28:50'),(206,NULL,'Data Science Bootcamp','Enter your email id','user','2025-04-23 06:29:04'),(207,NULL,'mahajan@gmail.com','Thanks, you’ve been successfully enrolled. We’ve sent a confirmation to mahajan@gmail.com. Looking forward to seeing you!','user','2025-04-23 06:29:13'),(208,NULL,'Can you recommend a course?','What skill do you want to learn?','user','2025-04-23 06:31:05'),(209,NULL,'Python Programming','Which field or course topic are you interested in','user','2025-04-23 06:31:11'),(210,NULL,'Data Science','Enter Course topic or name which do you want to  enroll','user','2025-04-23 06:31:16'),(211,NULL,'Data Science Bootcamp','Enter your email id','user','2025-04-23 06:31:27'),(212,NULL,'mah@gmail.com','Thanks, you’ve been successfully enrolled. We’ve sent a confirmation to mah@gmail.com. Looking forward to seeing you!','user','2025-04-23 06:31:33'),(213,NULL,'I want to join the course','Enter Course topic or name which do you want to  enroll','user','2025-04-23 06:32:38'),(214,NULL,'Data Science Bootcamp','Enter your email id','user','2025-04-23 06:32:48'),(215,NULL,'maha@gmail.com','Thanks, you’ve been successfully enrolled. We’ve sent a confirmation to maha@gmail.com. Looking forward to seeing you!','user','2025-04-23 06:32:54'),(216,NULL,'Can you recommend a course','What skill do you want to learn?','user','2025-04-23 06:33:42'),(217,NULL,'Python Programming','Which field or course topic are you interested in','user','2025-04-23 06:33:49'),(218,NULL,'Data Science','Which field or course topic are you interested in','user','2025-04-23 06:33:54'),(219,NULL,'Data Science bootcamp','Which field are you interested in?','user','2025-04-23 06:34:04'),(220,NULL,'Data Science','Based on your interest in Data Science and Data Science, I recommend starting with our curated course: “Data Science bootcamp”. Would you like to enroll?','user','2025-04-23 06:34:11'),(221,NULL,'Can you recommend a course','What skill do you want to learn?','user','2025-04-23 06:37:08'),(222,NULL,'Python Programming','Which  course topic are you interested in','user','2025-04-23 06:37:16'),(223,NULL,'Data Science Bootcamp','Which field are you interested in?','user','2025-04-23 06:37:29'),(224,NULL,'Data Science','Based on your interest in Data Science and Data Science, I recommend starting with our curated course: “Data Science Bootcamp”. Would you like to enroll?','user','2025-04-23 06:37:39'),(225,NULL,'Can you recommend a course','What skill do you want to learn?','user','2025-04-23 06:38:32'),(226,NULL,'Python Programming','Which field are you interested in?','user','2025-04-23 06:38:39'),(227,NULL,'Data Science','','user','2025-04-23 06:38:47'),(228,NULL,'Can you recommend a course','What skill do you want to learn?','user','2025-04-23 06:40:32'),(229,NULL,'Python Programming','Which field are you interested in?','user','2025-04-23 06:40:41'),(230,NULL,'Data Science','','user','2025-04-23 06:40:48'),(231,NULL,'Can you recommend a course','What skill do you want to learn?','user','2025-04-23 06:41:38'),(232,NULL,'Python Programming','Which field are you interested in?','user','2025-04-23 06:41:46'),(233,NULL,'Data Science','','user','2025-04-23 06:41:51'),(234,NULL,'Based on your interest in $skill and $field, I recommend starting with our curated course: “$course_topic”. Would you like to enroll?','Enter Course topic or name which do you want to  enroll','user','2025-04-23 06:42:34'),(235,NULL,'Can you recommend a course?','What skill do you want to learn?','user','2025-04-23 06:43:10'),(236,NULL,'Python Programming','Which field are you interested in?','user','2025-04-23 06:43:16'),(237,NULL,'Data Science','','user','2025-04-23 06:43:24'),(238,NULL,'Can you recommend a course?','What skill do you want to learn?','user','2025-04-23 06:44:05'),(239,NULL,'Python Programming','Which field are you interested in?','user','2025-04-23 06:44:12'),(240,NULL,'Data Science','Based on your interest in Data Science and Data Science, I recommend starting with our curated course: “$course_topic”. Would you like to enroll?','user','2025-04-23 06:44:18'),(241,NULL,'Can you recommend a course?','What skill do you want to learn?','user','2025-04-23 06:45:17'),(242,NULL,'Python Programming','Which field are you interested in?','user','2025-04-23 06:45:24'),(243,NULL,'Data Science','Based on your interest in Data Science and Data Science, I recommend starting with our curated course: {course_topic}. Would you like to enroll?','user','2025-04-23 06:45:31'),(244,NULL,'Can you recommend a course','What skill do you want to learn?','user','2025-04-23 06:48:54'),(245,NULL,'Python Programming','Which field are you interested in?','user','2025-04-23 06:49:01'),(246,NULL,'Data Science','Based on your interest in Data Science and Data Science, I recommend starting with our curated course: {course_topic}. Would you like to enroll?','user','2025-04-23 06:49:09'),(247,NULL,'Can you recommend a course?','What skill do you want to learn?','user','2025-04-23 06:51:50'),(248,NULL,'Python Programming','Which field are you interested in?','user','2025-04-23 06:51:57'),(249,NULL,'Data Science','Based on your interest in {field_of_interest}, I recommend checking out our top course. Would you like me to help you enroll?','user','2025-04-23 06:52:06'),(250,NULL,'Can you recommend a course?','What skill do you want to learn?','user','2025-04-23 06:52:54'),(251,NULL,'Python Programming','Which field are you interested in?','user','2025-04-23 06:53:01'),(252,NULL,'Data Science','Based on your interest in the Data Science, I recommend checking out our top course. Would you like me to help you enroll?','user','2025-04-23 06:53:08'),(253,NULL,'Can you recommend a course?','What skill do you want to learn?','user','2025-04-23 06:54:35'),(254,NULL,'Python Programming','Which field are you interested in?','user','2025-04-23 06:54:43'),(255,NULL,'Data Science','Based on your interest in the Data Science, I recommend checking out our top course, which is $course_topic. Would you like me to help you enroll?','user','2025-04-23 06:54:55'),(256,NULL,'Can you recommend a course?','What skill do you want to learn?','user','2025-04-23 06:55:29'),(257,NULL,'python programming','Which field are you interested in?','user','2025-04-23 06:55:40'),(258,NULL,'data science','-','user','2025-04-23 06:55:44'),(259,NULL,'Can you recommend a course?','What skill do you want to learn?','user','2025-04-23 06:55:58'),(260,NULL,'Python Programming','Which field are you interested in?','user','2025-04-23 06:56:05'),(261,NULL,'Data Science','-','user','2025-04-23 06:56:12'),(262,NULL,'Could you suggest a course?','What skill do you want to learn?','user','2025-04-23 07:27:51'),(263,NULL,'Python Programming','Which field are you interested in?','user','2025-04-23 07:27:59'),(264,NULL,'Data Science','-','user','2025-04-23 07:28:10'),(265,NULL,'Could you suggest a course?','What skill do you want to learn?','user','2025-04-23 07:29:27'),(266,NULL,'Python Programming','Which field are you interested in?','user','2025-04-23 07:29:33'),(267,NULL,'Data Science','-','user','2025-04-23 07:29:40'),(268,NULL,'Could you suggest a course?','What skill do you want to learn?','user','2025-04-23 09:15:12'),(269,NULL,'Python Programming','Which field are you interested in?','user','2025-04-23 09:15:21'),(270,NULL,'Data Science','Based on your interest in the Data Science, I recommend checking out our top course, which is $course_topic. Would you like me to help you enroll?','user','2025-04-23 09:15:29'),(271,NULL,'I want a course on data science','What skill do you want to learn?','user','2025-04-23 09:18:46'),(272,NULL,'python programming','Which field are you interested in?','user','2025-04-23 09:18:55'),(273,NULL,'data science','-','user','2025-04-23 09:19:00'),(274,NULL,'Could you suggest a course?','What skill do you want to learn?','user','2025-04-23 09:21:07'),(275,NULL,'Python Programming','Which field are you interested in?','user','2025-04-23 09:21:17'),(276,NULL,'Data Science','Based on your interest in the Data Science, I recommend checking out our top course, which is $variable. Would you like me to help you enroll?','user','2025-04-23 09:21:24'),(277,NULL,'Can you recommend a course?','What skill do you want to learn?','user','2025-04-23 09:36:02'),(278,NULL,'Python Programming','Which field are you interested in?','user','2025-04-23 09:36:20'),(279,NULL,'Unknown Intent','I\'m not sure how to help with that yet.','user','2025-04-23 09:36:24'),(280,NULL,'data science','I\'m not sure how to help with that yet.','user','2025-04-23 09:36:24'),(281,NULL,'why','I didn\'t get that. Can you say it again?','user','2025-04-23 09:36:32'),(282,NULL,'Can you recommend a course?','What skill do you want to learn?','user','2025-04-23 09:37:20'),(283,NULL,'Python Programming','Which field are you interested in?','user','2025-04-23 09:37:27'),(284,NULL,'Unknown Intent','I\'m not sure how to help with that yet.','user','2025-04-23 09:37:34'),(285,NULL,'Data Science','I\'m not sure how to help with that yet.','user','2025-04-23 09:37:34'),(286,NULL,'Can you recommend a course?','What skill do you want to learn?','user','2025-04-23 09:43:15'),(287,NULL,'Python Programming','Which field are you interested in?','user','2025-04-23 09:43:23'),(288,NULL,'Unknown Intent','I\'m not sure how to help with that yet.','user','2025-04-23 09:43:30'),(289,NULL,'Data Science','I\'m not sure how to help with that yet.','user','2025-04-23 09:43:31'),(290,NULL,'Can you recommend a course?','What skill do you want to learn?','user','2025-04-23 09:48:49'),(291,NULL,'Python programming','Which field are you interested in?','user','2025-04-23 09:48:57'),(292,NULL,'Unknown Intent','I\'m not sure how to help with that yet.','user','2025-04-23 09:49:02'),(293,NULL,'Data Science','I\'m not sure how to help with that yet.','user','2025-04-23 09:49:02'),(294,NULL,'Can you recommend a course?','Which field are you interested in?','user','2025-04-23 09:49:20'),(295,NULL,'Unknown Intent','I\'m not sure how to help with that yet.','user','2025-04-23 09:49:30'),(296,NULL,'Data Science','I\'m not sure how to help with that yet.','user','2025-04-23 09:49:30'),(297,NULL,'Can you recommend a course?','What skill do you want to learn?','user','2025-04-23 09:50:01'),(298,NULL,'python programming','Which field are you interested in?','user','2025-04-23 09:50:07'),(299,NULL,'Unknown Intent','I\'m not sure how to help with that yet.','user','2025-04-23 09:50:12'),(300,NULL,'data science','I\'m not sure how to help with that yet.','user','2025-04-23 09:50:12'),(301,NULL,'Can you recommend a course?','What skill do you want to learn?','user','2025-04-23 09:50:28'),(302,NULL,'python programming','Which field are you interested in?','user','2025-04-23 09:50:33'),(303,NULL,'data science','Based on your interest in the Data Science, I recommend checking out our top course, which is $course_topic. Would you like me to help you enroll?','user','2025-04-23 09:50:38'),(304,NULL,'\"Track my job application\"','May I know your full name?','user','2025-04-23 09:57:33'),(305,NULL,'Kunal Mahajan','What\'s your email address?','user','2025-04-23 09:57:37'),(306,NULL,'mahajan@688','What\'s your email address?','user','2025-04-23 09:57:42'),(307,NULL,'mahajan@gmail.com','What’s your application ID?','user','2025-04-23 09:57:49'),(308,NULL,'4001','What’s your application ID?','user','2025-04-23 09:57:56'),(309,NULL,'1','What’s your application ID?','user','2025-04-23 09:58:04'),(310,NULL,'Could you suggest a course?','Based on your interest in the field, I recommend checking out our top course, which is $course_topic. Would you like me to help you enroll?','user','2025-04-23 10:57:48'),(311,NULL,'Could you suggest a course?','Based on your interest in the field, I recommend checking out our top course, which is $course_topic. Would you like me to help you enroll?','user','2025-04-23 10:58:10'),(312,NULL,'Could you suggest a course?','What skill do you want to learn?','user','2025-04-23 10:58:41'),(313,NULL,'python programming','Which field are you interested in?','user','2025-04-23 10:58:48'),(314,NULL,'data science','Based on your interest in the Data Science, I recommend checking out our top course, which is $course_topic. Would you like me to help you enroll?','user','2025-04-23 10:58:54');
/*!40000 ALTER TABLE `chat_log` ENABLE KEYS */;
UNLOCK TABLES;

--
-- Table structure for table `courses`
--

DROP TABLE IF EXISTS `courses`;
/*!40101 SET @saved_cs_client     = @@character_set_client */;
/*!50503 SET character_set_client = utf8mb4 */;
CREATE TABLE `courses` (
  `CourseID` int NOT NULL AUTO_INCREMENT,
  `Title` varchar(150) DEFAULT NULL,
  `Description` text,
  `SkillsCovered` text,
  `Duration_Weeks` int DEFAULT NULL,
  `Platform` varchar(100) DEFAULT NULL,
  `URL` varchar(255) DEFAULT NULL,
  `IsActive` tinyint(1) DEFAULT '1',
  `CreatedAt` timestamp NULL DEFAULT CURRENT_TIMESTAMP,
  `UpdatedAt` timestamp NULL DEFAULT CURRENT_TIMESTAMP ON UPDATE CURRENT_TIMESTAMP,
  PRIMARY KEY (`CourseID`)
) ENGINE=InnoDB AUTO_INCREMENT=11 DEFAULT CHARSET=utf8mb4 COLLATE=utf8mb4_0900_ai_ci;
/*!40101 SET character_set_client = @saved_cs_client */;

--
-- Dumping data for table `courses`
--

LOCK TABLES `courses` WRITE;
/*!40000 ALTER TABLE `courses` DISABLE KEYS */;
INSERT INTO `courses` VALUES (1,'Data Science Course','Comprehensive course covering data analysis and machine learning.','Python, Pandas, Scikit-learn, SQL',12,'Coursera','https://www.coursera.org/browse/data-science',1,'2025-04-22 14:00:26','2025-04-23 11:23:41'),(2,'Full Stack Course','Learn to build web applications from scratch.','HTML, CSS, JavaScript, React, Node.js',16,'Udemy','https://www.udemy.com/course/the-complete-web-development-bootcamp/?srsltid=AfmBOorKzoE5ibevkmUqHhdhPK1g1A9895OvQkbYlwtTztPSiKaKLKut&couponCode=ST8MT220425G3',1,'2025-04-22 14:00:26','2025-04-23 11:23:41'),(3,'Cybersecurity Course','Introduction to cybersecurity principles and practices.','Network Security, Ethical Hacking, Risk Assessment',10,'simplilearn','https://www.simplilearn.com/tutorials/cyber-security-tutorial/cyber-security-for-beginners',1,'2025-04-22 14:00:26','2025-04-23 11:23:41'),(4,'Cloud Computing Course','Hands-on course on AWS cloud services.','EC2, S3, Lambda, CloudFormation',8,'Pluralsight','https://www.pluralsight.com/browse?=&q=cloud%20architecture%20design&type=all&sort=relevance',1,'2025-04-22 14:00:26','2025-04-23 11:23:41'),(5,'Mobile App Dev. Course','Develop mobile applications for Android and iOS.','Flutter, Dart, Firebase',14,'Udacity','https://www.udacity.com/course/developing-android-apps-with-kotlin--ud9012',1,'2025-04-22 14:00:26','2025-04-23 11:23:41'),(6,'Business Analytics Course','Data-driven decision-making using Excel tools.','Excel, Data Visualization, Analytics',6,'LinkedIn Learning','https://www.linkedin.com/learning/topics/microsoft-excel?accountId=222910418&u=222910418&success=true&authUUID=lhLBED7qRDC3As70kz8D7w%3D%3D',1,'2025-04-22 14:00:26','2025-04-23 11:23:41'),(7,'Backend with Node.js Course','Learn server-side development and NoSQL databases.','Node.js, Express, MongoDB, REST API',10,'Udemy','https://www.udemy.com/course/backend-web-development-with-nodejs-mongo-and-express/?srsltid=AfmBOorChGdZZoFi91IEBn_SZdDe5zANPimFHOvu8dBMAylyJDdteOLn',1,'2025-04-22 14:00:26','2025-04-23 11:23:41'),(8,'AI Course','Introduction to Artificial Intelligence for non-tech users.','AI Basics, Ethics, Applications',4,'Coursera','https://www.coursera.org/courses?query=artificial%20intelligence&msockid=20528d16e0c4625e13a89806e15f6336',1,'2025-04-22 14:00:26','2025-04-23 11:23:41'),(9,'DevOps Course','Container orchestration and deployment automation.','Kubernetes, Docker, Helm, CI/CD',8,'Pluralsight','https://www.pluralsight.com/browse?=&q=cloud%20architecture%20design&type=all&sort=relevancekubernetes-devops',1,'2025-04-22 14:00:26','2025-04-23 11:23:41'),(10,'Digital Marketing Course','Hands-on course covering all aspects of digital marketing.','SEO, SEM, Social Media, Google Ads',12,'edX','https://www.edx.org/learn/digital-marketing%27',1,'2025-04-22 14:00:26','2025-04-23 11:23:41');
/*!40000 ALTER TABLE `courses` ENABLE KEYS */;
UNLOCK TABLES;

--
-- Table structure for table `internships`
--

DROP TABLE IF EXISTS `internships`;
/*!40101 SET @saved_cs_client     = @@character_set_client */;
/*!50503 SET character_set_client = utf8mb4 */;
CREATE TABLE `internships` (
  `InternshipID` int NOT NULL AUTO_INCREMENT,
  `Title` varchar(150) DEFAULT NULL,
  `Description` text,
  `CompanyName` varchar(100) DEFAULT NULL,
  `Location` varchar(100) DEFAULT NULL,
  `RequiredSkills` text,
  `CourseID` int DEFAULT NULL,
  `DurationMonths` int DEFAULT NULL,
  `PostedAt` timestamp NULL DEFAULT CURRENT_TIMESTAMP,
  PRIMARY KEY (`InternshipID`),
  KEY `CourseID` (`CourseID`),
  CONSTRAINT `internships_ibfk_1` FOREIGN KEY (`CourseID`) REFERENCES `courses` (`CourseID`)
) ENGINE=InnoDB AUTO_INCREMENT=11 DEFAULT CHARSET=utf8mb4 COLLATE=utf8mb4_0900_ai_ci;
/*!40101 SET character_set_client = @saved_cs_client */;

--
-- Dumping data for table `internships`
--

LOCK TABLES `internships` WRITE;
/*!40000 ALTER TABLE `internships` DISABLE KEYS */;
INSERT INTO `internships` VALUES (1,'Data Science Intern','Assist in data analysis and model building.','Zomato','Gurgaon','Python, Machine Learning',1,3,'2025-04-22 14:00:26'),(2,'Web Development Intern','Support in developing web applications.','Paytm','Noida','HTML, CSS, JavaScript',2,4,'2025-04-22 14:00:26'),(3,'Cybersecurity Intern','Help in monitoring and securing systems.','HCL','Chennai','Network Security, Risk Assessment',3,2,'2025-04-22 14:00:26'),(4,'Cloud Intern','Work on cloud deployment projects.','Microsoft','Bangalore','Azure, Cloud Services',4,3,'2025-04-22 14:00:26'),(5,'Mobile App Intern','Contribute to mobile app development.','Swiggy','Hyderabad','Flutter, Dart',5,4,'2025-04-22 14:00:26'),(6,'Business Analyst Intern','Assist with reporting and dashboard building.','ICICI Bank','Mumbai','Excel, SQL',6,3,'2025-04-22 14:00:26'),(7,'Node.js Intern','Support backend module development.','Freshworks','Chennai','Node.js, JavaScript',7,2,'2025-04-22 14:00:26'),(8,'AI Research Intern','Work on NLP and computer vision models.','IIT Bombay','Mumbai','Python, ML, AI',8,4,'2025-04-22 14:00:26'),(9,'DevOps Intern','Automate deployment pipelines and monitoring.','Infosys','Hyderabad','Linux, Docker, GitHub Actions',9,3,'2025-04-22 14:00:26'),(10,'Digital Marketing Intern','Optimize social media and SEO content.','Nykaa','Mumbai','SEO, Instagram Ads',10,3,'2025-04-22 14:00:26');
/*!40000 ALTER TABLE `internships` ENABLE KEYS */;
UNLOCK TABLES;

--
-- Table structure for table `jobs`
--

DROP TABLE IF EXISTS `jobs`;
/*!40101 SET @saved_cs_client     = @@character_set_client */;
/*!50503 SET character_set_client = utf8mb4 */;
CREATE TABLE `jobs` (
  `JobID` int NOT NULL AUTO_INCREMENT,
  `Title` varchar(150) DEFAULT NULL,
  `Description` text,
  `CompanyName` varchar(100) DEFAULT NULL,
  `Location` varchar(100) DEFAULT NULL,
  `RequiredSkills` text,
  `CourseID` int DEFAULT NULL,
  `PostedAt` timestamp NULL DEFAULT CURRENT_TIMESTAMP,
  PRIMARY KEY (`JobID`),
  KEY `CourseID` (`CourseID`),
  CONSTRAINT `jobs_ibfk_1` FOREIGN KEY (`CourseID`) REFERENCES `courses` (`CourseID`)
) ENGINE=InnoDB AUTO_INCREMENT=11 DEFAULT CHARSET=utf8mb4 COLLATE=utf8mb4_0900_ai_ci;
/*!40101 SET character_set_client = @saved_cs_client */;

--
-- Dumping data for table `jobs`
--

LOCK TABLES `jobs` WRITE;
/*!40000 ALTER TABLE `jobs` DISABLE KEYS */;
INSERT INTO `jobs` VALUES (1,'Data Scientist','Analyze and interpret complex data sets to help decision-making. Requires 2–4 years experience with ML, data mining, and statistical modeling. Strong communication and visualization skills are essential.','Infosys','Bangalore','ML, Python, R ',1,'2025-04-22 14:00:26'),(2,'Frontend Developer','Design and develop user-facing features for responsive web apps. Requires 1–3 years experience in HTML, CSS, JavaScript, and React. Ability to work in agile teams and implement UX/UI best practices is essential.','TCS','Mumbai','HTML, CSS, JavaScript, React',2,'2025-04-22 14:00:26'),(3,'Cybersecurity Analyst','Protect systems and networks from cyber threats. Requires 3–5 years experience in ethical hacking, intrusion detection, and risk assessment. Strong understanding of network protocols and security tools is essential.','Wipro','Hyderabad','Network Security, Ethical Hacking',3,'2025-04-22 14:00:26'),(4,'Cloud Engineer','Deploy and manage scalable cloud infrastructure. Requires 2–4 years experience with AWS, DevOps tools, and scripting. Candidates must understand cloud security, automation, and system performance monitoring.','Amazon','Pune','AWS, DevOps, Linux',4,'2025-04-22 14:00:26'),(5,'Mobile App Developer','Build, test, and maintain mobile applications. Requires 1–2 years of experience in Flutter, Firebase, and UI/UX design. Candidates must have experience with app deployment on Android/iOS platforms.','Flipkart','Delhi','Flutter, Dart, Firebase',5,'2025-04-22 14:00:26'),(6,'Business Analyst','Bridge business needs with data analytics. Requires 2–3 years experience in Excel, SQL, and reporting. Candidates must interpret trends and communicate insights effectively to stakeholders.','Cognizant','Pune','Excel, SQL, Communication',6,'2025-04-22 14:00:26'),(7,'Backend Developer','Develop server-side APIs and maintain databases. Requires 2–4 years experience in Node.js and MongoDB. Candidates must be skilled in writing scalable and secure backend logic.','Zoho','Chennai','Node.js, MongoDB',7,'2025-04-22 14:00:26'),(8,'AI Product Manager','Manage AI product development and delivery. Requires 4+ years experience in AI/ML projects, agile management, and product roadmaps. Strong leadership and collaboration skills are essential.','Google India','Bangalore','AI, Product Management, Agile',8,'2025-04-22 14:00:26'),(9,'DevOps Engineer','Build and maintain CI/CD pipelines and cloud infrastructure. Requires 3+ years experience in Jenkins, Docker, Kubernetes. Candidates must ensure smooth deployments and system uptime.','Tata Communications','Mumbai','Kubernetes, Jenkins, Docker',9,'2025-04-22 14:00:26'),(10,'Digital Marketing Executive','Plan and execute digital marketing strategies. Requires 1–3 years experience in SEO, Google Ads, social media, and analytics tools. Candidates must monitor performance and optimize campaigns.','BYJU’S','Bangalore','SEO, Google Ads, Analytics',10,'2025-04-22 14:00:26');
/*!40000 ALTER TABLE `jobs` ENABLE KEYS */;
UNLOCK TABLES;

--
-- Table structure for table `resume_parse`
--

DROP TABLE IF EXISTS `resume_parse`;
/*!40101 SET @saved_cs_client     = @@character_set_client */;
/*!50503 SET character_set_client = utf8mb4 */;
CREATE TABLE `resume_parse` (
  `ResumeID` int NOT NULL AUTO_INCREMENT,
  `UserID` int DEFAULT NULL,
  `ResumeName` text,
  `Email` text,
  `Phone` text,
  `Skills` text,
  `ResumeURL` text,
  `UploadedAt` timestamp NULL DEFAULT CURRENT_TIMESTAMP,
  PRIMARY KEY (`ResumeID`),
  KEY `UserID` (`UserID`),
  CONSTRAINT `resume_parse_ibfk_1` FOREIGN KEY (`UserID`) REFERENCES `users` (`UserID`)
) ENGINE=InnoDB AUTO_INCREMENT=11 DEFAULT CHARSET=utf8mb4 COLLATE=utf8mb4_0900_ai_ci;
/*!40101 SET character_set_client = @saved_cs_client */;

--
-- Dumping data for table `resume_parse`
--

LOCK TABLES `resume_parse` WRITE;
/*!40000 ALTER TABLE `resume_parse` DISABLE KEYS */;
INSERT INTO `resume_parse` VALUES (1,1,'Nitya_Sharma_Resume.pdf','nitya.sharma@gmail.com','+91-9876543210','Python, Machine Learning, Data Analysis','http://example.com/resumes/nitya_sharma.pdf','2025-04-22 14:00:26'),(2,2,'Rahul_Verma_Resume.pdf','rahul.verma@outlook.com','+91-9123456780','Project Management, Agile, Scrum','http://example.com/resumes/rahul_verma.pdf','2025-04-22 14:00:26'),(3,3,'Anjali_Mehta_Resume.pdf','anjali.mehta@yahoo.com','+91-9988776655','Java, Spring Boot, REST APIs','http://example.com/resumes/anjali_mehta.pdf','2025-04-22 14:00:26'),(4,4,'Karan_Singh_Resume.pdf','karan.singh@rediff.com','+91-9871234560','System Administration, Linux, AWS','http://example.com/resumes/karan_singh.pdf','2025-04-22 14:00:26'),(5,5,'Priya_Desai_Resume.pdf','priya.desai@hotmail.com','+91-9123456700','Digital Marketing, SEO, Content Creation','http://example.com/resumes/priya_desai.pdf','2025-04-22 14:00:26'),(6,6,'Siddharth_Kapoor_Resume.pdf','siddharth.kapoor@jobhunt.in','+91-9012345671','SQL, Excel, Power BI','http://example.com/resumes/siddharth_kapoor.pdf','2025-04-22 14:00:26'),(7,7,'Neha_Jain_Resume.pdf','neha.jain@brightcareers.org','+91-9867543200','HR Strategy, Recruitment, People Management','http://example.com/resumes/neha_jain.pdf','2025-04-22 14:00:26'),(8,8,'Vikram_Rathod_Resume.pdf','vikram.rathod@mentorx.edu','+91-9785612345','Python, Django, PostgreSQL','http://example.com/resumes/vikram_rathod.pdf','2025-04-22 14:00:26'),(9,9,'Meera_Iyer_Resume.pdf','meera.iyer@jobsearch.ai','+91-9321547890','Content Writing, SEO, Email Marketing','http://example.com/resumes/meera_iyer.pdf','2025-04-22 14:00:26'),(10,10,'Arjun_Patil_Resume.pdf','arjun.patil@techcareers.in','+91-9012783456','Java, Microservices, Kafka','http://example.com/resumes/arjun_patil.pdf','2025-04-22 14:00:26');
/*!40000 ALTER TABLE `resume_parse` ENABLE KEYS */;
UNLOCK TABLES;

--
-- Table structure for table `users`
--

DROP TABLE IF EXISTS `users`;
/*!40101 SET @saved_cs_client     = @@character_set_client */;
/*!50503 SET character_set_client = utf8mb4 */;
CREATE TABLE `users` (
  `UserID` int NOT NULL AUTO_INCREMENT,
  `First_Name` varchar(50) DEFAULT NULL,
  `Last_Name` varchar(50) DEFAULT NULL,
  `Email` varchar(100) DEFAULT NULL,
  `Password` varchar(255) DEFAULT NULL,
  `Role` enum('Job Seeker','Employer','Trainer','Admin','Super Admin','Guest User') DEFAULT 'Job Seeker',
  `CreatedAt` timestamp NULL DEFAULT CURRENT_TIMESTAMP,
  PRIMARY KEY (`UserID`),
  UNIQUE KEY `Email` (`Email`)
) ENGINE=InnoDB AUTO_INCREMENT=11 DEFAULT CHARSET=utf8mb4 COLLATE=utf8mb4_0900_ai_ci;
/*!40101 SET character_set_client = @saved_cs_client */;

--
-- Dumping data for table `users`
--

LOCK TABLES `users` WRITE;
/*!40000 ALTER TABLE `users` DISABLE KEYS */;
INSERT INTO `users` VALUES (1,'Nitya','Sharma','nitya.sharma@gmail.com','NSharma#31','Job Seeker','2025-04-22 14:00:26'),(2,'Rahul','Verma','rahul.verma@hotmail.com','Rahul_2','Employer','2025-04-22 14:00:26'),(3,'Anjali','Mehta','anjali.mehta@gmail.com','Anju_213','Trainer','2025-04-22 14:00:26'),(4,'Karan','Singh','karan.singh@yahoo.com','KaranSingh@123','Admin','2025-04-22 14:00:26'),(5,'Priya','Desai','priya.desai@rediff.com','Priya@1212','Guest User','2025-04-22 14:00:26'),(6,'Siddharth','Kapoor','siddharth.kapoor@jobhunt.in','haspwd_s1','Job Seeker','2025-04-22 14:00:26'),(7,'Neha','Jain','neha.jain@brightcareers.org','Nehas_s2','Employer','2025-04-22 14:00:26'),(8,'Vikram','Rathod','vikram.rathod@mentorx.edu','hRatho_s3','Trainer','2025-04-22 14:00:26'),(9,'Meera','Iyer','meera.iyer@jobsearch.ai','haSg_s4','Guest User','2025-04-22 14:00:26'),(10,'Arjun','Patil','arjun.patil@techcareers.in','Harsad@123','Admin','2025-04-22 14:00:26');
/*!40000 ALTER TABLE `users` ENABLE KEYS */;
UNLOCK TABLES;
/*!40103 SET TIME_ZONE=@OLD_TIME_ZONE */;

/*!40101 SET SQL_MODE=@OLD_SQL_MODE */;
/*!40014 SET FOREIGN_KEY_CHECKS=@OLD_FOREIGN_KEY_CHECKS */;
/*!40014 SET UNIQUE_CHECKS=@OLD_UNIQUE_CHECKS */;
/*!40101 SET CHARACTER_SET_CLIENT=@OLD_CHARACTER_SET_CLIENT */;
/*!40101 SET CHARACTER_SET_RESULTS=@OLD_CHARACTER_SET_RESULTS */;
/*!40101 SET COLLATION_CONNECTION=@OLD_COLLATION_CONNECTION */;
/*!40111 SET SQL_NOTES=@OLD_SQL_NOTES */;

-- Dump completed on 2025-04-23 17:22:10
